{
  "project_info": {
    "project_number": "351338037777",
    "firebase_url": "https://lifefitness-565e7.firebaseio.com",
    "project_id": "lifefitness-565e7",
    "storage_bucket": "lifefitness-565e7.appspot.com"
  },
  "client": [
    {
      "client_info": {
        "mobilesdk_app_id": "1:351338037777:android:6602abbe87f9a65d53a7b0",
        "android_client_info": {
          "package_name": "com.example.lifefitness"
        }
      },
      "oauth_client": [
        {
          "client_id": "351338037777-nj7v0c38ledh75mqckudo678djikv3ca.apps.googleusercontent.com",
          "client_type": 1,
          "android_info": {
            "package_name": "com.example.lifefitness",
            "certificate_hash": "55deb84ebf47544dd2953710df4989ee3aa5f4a1"
          }
        },
        {
          "client_id": "351338037777-uni6u1p3s32g5hue0rpl5391cjpvvmp9.apps.googleusercontent.com",
          "client_type": 3
        }
      ],
      "api_key": [
        {
          "current_key": "AIzaSyA0YZoAh5aA0qVpl0GfVlQhROS0x5xu344"
        }
      ],
      "services": {
        "appinvite_service": {
          "other_platform_oauth_client": [
            {
              "client_id": "351338037777-uni6u1p3s32g5hue0rpl5391cjpvvmp9.apps.googleusercontent.com",
              "client_type": 3
            }
          ]
        }
      }
    }
  ],
  "configuration_version": "1"
}